<?xml version="1.0" encoding="UTF-8" ?>
<odoo noupdate="1">
    <record model="crm.stage" id="crm.stage_lead1">
        <field name="on_change" eval="True" />
        <field name="probability">10</field>
    </record>
    <record model="crm.stage" id="crm.stage_lead2">
        <field name="on_change" eval="True" />
        <field name="probability">30</field>
    </record>
    <record model="crm.stage" id="crm.stage_lead3">
        <field name="on_change" eval="True" />
        <field name="probability">70</field>
    </record>
    <record model="crm.stage" id="crm.stage_lead4">
        <field name="on_change" eval="True" />
        <field name="probability">100</field>
    </record>
</odoo>
